Workbook

Sheet Instrucciones
A1: CONTROL DE DECLARACIONES MENSUALES - BASE DE CLIENTES REAL
A3: Se mantiene tu misma estructura (Contribuyente, RUC, Envío AFP, Fecha DJ Plame, Fecha Envío Sire,
A4: Fecha Envío DJ 621), con 3 mejoras:
A6: 1) Se agregó una columna 'Fecha Límite' junto a cada 'Fecha Envío': para PLAME, DJ 621 y SIRE se
A7: calcula SOLA (cruza el cronograma oficial de SUNAT con el último dígito del RUC de cada cliente).
A8: Para AFP solo escribes la fecha límite manualmente cada mes (5 primeros días hábiles, varía
A9: por feriados).
A11: 2) Se agregó una columna 'Estado' junto a cada obligación: se pone verde (A TIEMPO), rojo
A12: (ATRASADO) o naranja (PENDIENTE) automáticamente.
A14: 3) Arriba de la tabla hay una celda 'Periodo Tributario a Controlar' (por ejemplo 'Jun-2026').
A15: Cambia esa celda cada mes y TODAS las fechas límite de la tabla se recalculan solas para ese mes.
A17: Recomendación de uso mensual: al cerrar el mes, duplica la hoja 'Control Clientes' (clic derecho
... A24: resto del archivo se ajusta solo.

Sheet Cronograma Base 2026
A1: Clave (auto) | B1: Periodo Tributario | C1: Obligación | D1: 0 | E1: 1 | F1: 2 y 3 | G1: 4 y 5 | H1: 6 y 7 | I1: 8 y 9 | J1: Buenos Contribuyentes
A2: Ene-2026|PDT 621 / PLAME | B2: Ene-2026 | C2: PDT 621 / PLAME | D2: 46069 | E2: 46070 | F2: 46071 | G2: 46072 | H2: 46073 | I2: 46076 | J2: 46077
A3: Feb-2026|PDT 621 / PLAME | B3: Feb-2026 | C3: PDT 621 / PLAME | D3: 46097 | E3: 46098 | F3: 46099 | G3: 46100 | H3: 46101 | I3: 46104 | J3: 46105
A4: Mar-2026|PDT 621 / PLAME | B4: Mar-2026 | C4: PDT 621 / PLAME | D4: 46129 | E4: 46132 | F4: 46133 | G4: 46134 | H4: 46135 | I4: 46136 | J4: 46139
A5: Abr-2026|PDT 621 / PLAME | B5: Abr-2026 | C5: PDT 621 / PLAME | D5: 46160 | E5: 46161 | F5: 46162 | G5: 46163 | H5: 46164 | I5: 46167 | J5: 46168
A6: May-2026|PDT 621 / PLAME | B6: May-2026 | C6: PDT 621 / PLAME | D6: 46188 | E6: 46189 | F6: 46190 | G6: 46191 | H6: 46192 | I6: 46195 | J6: 46196
A7: Jun-2026|PDT 621 / PLAME | B7: Jun-2026 | C7: PDT 621 / PLAME | D7: 46218 | E7: 46219 | F7: 46220 | G7: 46223 | H7: 46224 | I7: 46225 | J7: 46227
A8: Jul-2026|PDT 621 / PLAME | B8: Jul-2026 | C8: PDT 621 / PLAME | D8: 46252 | E8: 46253 | F8: 46254 | G8: 46255 | H8: 46258 | I8: 46259 | J8: 46260
A9: Ago-2026|PDT 621 / PLAME | B9: Ago-2026 | C9: PDT 621 / PLAME | D9: 46280 | E9: 46281 | F9: 46282 | G9: 46283 | H9: 46286 | I9: 46287 | J9: 46288
A10: Set-2026|PDT 621 / PLAME | B10: Set-2026 | C10: PDT 621 / PLAME | D10: 46311 | E10: 46314 | F10: 46315 | G10: 46316 | H10: 46317 | I10: 46318 | J10: 46321
A11: Oct-2026|PDT 621 / PLAME | B11: Oct-2026 | C11: PDT 621 / PLAME | D11: 46342 | E11: 46343 | F11: 46344 | G11: 46345 | H11: 46346 | I11: 46349 | J11: 46350
A12: Nov-2026|PDT 621 / PLAME | B12: Nov-2026 | C12: PDT 621 / PLAME | D12: 46373 | E12: 46374 | F12: 46377 | G12: 46378 | H12: 46379 | I12: 46380 | J12: 46384
A13: Dic-2026|PDT 621 / PLAME | B13: Dic-2026 | C13: PDT 621 / PLAME | D13: 46405 | E13: 46406 | F13: 46407 | G13: 46408 | H13: 46409 | I13: 46412 | J13: 46413
... A25: Dic-2026|SIRE (Compras/Ventas) | B25: Dic-2026 | C25: SIRE (Compras/Ventas) | D25: 46402 | E25: 46405 | F25: 46406 | G25: 46407 | H25: 46408 | I25: 46409 | J25: 46412
A28: NO TOCAR

Sheet Control Clientes
A1: CONTROL DE DECLARACIONES MENSUALES POR CLIENTE
A2: Periodo Tributario a Controlar: | D2: Nov-2026 | E2: =IF(COUNTIF('Cronograma Base 2026'!$B$2:$B$25,$D$2)>0,"✓ Periodo válido","⚠ Verifica el periodo (usa el desplegable)") -> ✓ Periodo válido
A4: N° | B4: Nombre del Contribuyente | C4: N° RUC | D4: Grupo RUC (auto) | E4: Fecha Límite AFP (manual) | F4: Fecha Envío AFP(Manua) | G4: Estado AFP(Auto) | H4: Fecha Límite PLAME (auto) | I4: Fecha Envío PLAME(Manual) | J4: Estado PLAME (Auto) | K4: Fecha Límite SIRE (auto) | L4: Fecha Envío SIRE (Manual) | M4: Estado SIRE(Auto) | N4: Fecha Límite DJ 621 (auto) | O4: Fecha Envío DJ 621(Manual) | P4: Estado DJ 621(Auto) | Q4: Observaciones
A5: 1 | D5: =IFERROR(IF(VALUE(RIGHT(C5,1))=0,"0",IF(VALUE(RIGHT(C5,1))=1,"1",IF(OR(VALUE(RIGHT(C5,1))=2,VALUE(RIGHT(C5,1))=3),"2 y 3",IF(OR(VALUE(RIGHT(C5,1))=4,VALUE(RIGHT(C5,1))=5),"4 y 5",IF(OR(VALUE(RIGHT(C5,1))=6,VALUE(RIGHT(C5,1))=7),"6 y 7","8 y 9"))))),"") | G5: =IF(E5="","",IF(F5="",IF(TODAY()>E5,"ATRASADO","PENDIENTE"),IF(F5<=E5,"A TIEMPO","ATRASADO"))) | H5: =IFERROR(INDEX('Cronograma Base 2026'!$D$2:$J$25,MATCH($D$2&"|PDT 621 / PLAME",'Cronograma Base 2026'!$A$2:$A$25,0),MATCH($D5,'Cronograma Base 2026'!$D$1:$J$1,0)),"") | J5: =IF(H5="","",IF(I5="",IF(TODAY()>H5,"ATRASADO","PENDIENTE"),IF(I5<=H5,"A TIEMPO","ATRASADO"))) | K5: =IFERROR(INDEX('Cronograma Base 2026'!$D$2:$J$25,MATCH($D$2&"|SIRE (Compras/Ventas)",'Cronograma Base 2026'!$A$2:$A$25,0),MATCH($D5,'Cronograma Base 2026'!$D$1:$J$1,0)),"") | M5: =IF(K5="","",IF(L5="",IF(TODAY()>K5,"ATRASADO","PENDIENTE"),IF(L5<=K5,"A TIEMPO","ATRASADO"))) | N5: =H5 | P5: =IF(N5="","",IF(O5="",IF(TODAY()>N5,"ATRASADO","PENDIENTE"),IF(O5<=N5,"A TIEMPO","ATRASADO")))
A6: 2 | D6: =IFERROR(IF(VALUE(RIGHT(C6,1))=0,"0",IF(VALUE(RIGHT(C6,1))=1,"1",IF(OR(VALUE(RIGHT(C6,1))=2,VALUE(RIGHT(C6,1))=3),"2 y 3",IF(OR(VALUE(RIGHT(C6,1))=4,VALUE(RIGHT(C6,1))=5),"4 y 5",IF(OR(VALUE(RIGHT(C6,1))=6,VALUE(RIGHT(C6,1))=7),"6 y 7","8 y 9"))))),"") | G6: =IF(E6="","",IF(F6="",IF(TODAY()>E6,"ATRASADO","PENDIENTE"),IF(F6<=E6,"A TIEMPO","ATRASADO"))) | H6: =IFERROR(INDEX('Cronograma Base 2026'!$D$2:$J$25,MATCH($D$2&"|PDT 621 / PLAME",'Cronograma Base 2026'!$A$2:$A$25,0),MATCH($D6,'Cronograma Base 2026'!$D$1:$J$1,0)),"") | J6: =IF(H6="","",IF(I6="",IF(TODAY()>H6,"ATRASADO","PENDIENTE"),IF(I6<=H6,"A TIEMPO","ATRASADO"))) | K6: =IFERROR(INDEX('Cronograma Base 2026'!$D$2:$J$25,MATCH($D$2&"|SIRE (Compras/Ventas)",'Cronograma Base 2026'!$A$2:$A$25,0),MATCH($D6,'Cronograma Base 2026'!$D$1:$J$1,0)),"") | M6: =IF(K6="","",IF(L6="",IF(TODAY()>K6,"ATRASADO","PENDIENTE"),IF(L6<=K6,"A TIEMPO","ATRASADO"))) | N6: =H6 | P6: =IF(N6="","",IF(O6="",IF(TODAY()>N6,"ATRASADO","PENDIENTE"),IF(O6<=N6,"A TIEMPO","ATRASADO")))
A7: 3 | D7: =IFERROR(IF(VALUE(RIGHT(C7,1))=0,"0",IF(VALUE(RIGHT(C7,1))=1,"1",IF(OR(VALUE(RIGHT(C7,1))=2,VALUE(RIGHT(C7,1))=3),"2 y 3",IF(OR(VALUE(RIGHT(C7,1))=4,VALUE(RIGHT(C7,1))=5),"4 y 5",IF(OR(VALUE(RIGHT(C7,1))=6,VALUE(RIGHT(C7,1))=7),"6 y 7","8 y 9"))))),"") | G7: =IF(E7="","",IF(F7="",IF(TODAY()>E7,"ATRASADO","PENDIENTE"),IF(F7<=E7,"A TIEMPO","ATRASADO"))) | H7: =IFERROR(INDEX('Cronograma Base 2026'!$D$2:$J$25,MATCH($D$2&"|PDT 621 / PLAME",'Cronograma Base 2026'!$A$2:$A$25,0),MATCH($D7,'Cronograma Base 2026'!$D$1:$J$1,0)),"") | J7: =IF(H7="","",IF(I7="",IF(TODAY()>H7,"ATRASADO","PENDIENTE"),IF(I7<=H7,"A TIEMPO","ATRASADO"))) | K7: =IFERROR(INDEX('Cronograma Base 2026'!$D$2:$J$25,MATCH($D$2&"|SIRE (Compras/Ventas)",'Cronograma Base 2026'!$A$2:$A$25,0),MATCH($D7,'Cronograma Base 2026'!$D$1:$J$1,0)),"") | M7: =IF(K7="","",IF(L7="",IF(TODAY()>K7,"ATRASADO","PENDIENTE"),IF(L7<=K7,"A TIEMPO","ATRASADO"))) | N7: =H7 | P7: =IF(N7="","",IF(O7="",IF(TODAY()>N7,"ATRASADO","PENDIENTE"),IF(O7<=N7,"A TIEMPO","ATRASADO")))
A8: 4 | D8: =IFERROR(IF(VALUE(RIGHT(C8,1))=0,"0",IF(VALUE(RIGHT(C8,1))=1,"1",IF(OR(VALUE(RIGHT(C8,1))=2,VALUE(RIGHT(C8,1))=3),"2 y 3",IF(OR(VALUE(RIGHT(C8,1))=4,VALUE(RIGHT(C8,1))=5),"4 y 5",IF(OR(VALUE(RIGHT(C8,1))=6,VALUE(RIGHT(C8,1))=7),"6 y 7","8 y 9"))))),"") | G8: =IF(E8="","",IF(F8="",IF(TODAY()>E8,"ATRASADO","PENDIENTE"),IF(F8<=E8,"A TIEMPO","ATRASADO"))) | H8: =IFERROR(INDEX('Cronograma Base 2026'!$D$2:$J$25,MATCH($D$2&"|PDT 621 / PLAME",'Cronograma Base 2026'!$A$2:$A$25,0),MATCH($D8,'Cronograma Base 2026'!$D$1:$J$1,0)),"") | J8: =IF(H8="","",IF(I8="",IF(TODAY()>H8,"ATRASADO","PENDIENTE"),IF(I8<=H8,"A TIEMPO","ATRASADO"))) | K8: =IFERROR(INDEX('Cronograma Base 2026'!$D$2:$J$25,MATCH($D$2&"|SIRE (Compras/Ventas)",'Cronograma Base 2026'!$A$2:$A$25,0),MATCH($D8,'Cronograma Base 2026'!$D$1:$J$1,0)),"") | M8: =IF(K8="","",IF(L8="",IF(TODAY()>K8,"ATRASADO","PENDIENTE"),IF(L8<=K8,"A TIEMPO","ATRASADO"))) | N8: =H8 | P8: =IF(N8="","",IF(O8="",IF(TODAY()>N8,"ATRASADO","PENDIENTE"),IF(O8<=N8,"A TIEMPO","ATRASADO")))
A9: 5 | D9: =IFERROR(IF(VALUE(RIGHT(C9,1))=0,"0",IF(VALUE(RIGHT(C9,1))=1,"1",IF(OR(VALUE(RIGHT(C9,1))=2,VALUE(RIGHT(C9,1))=3),"2 y 3",IF(OR(VALUE(RIGHT(C9,1))=4,VALUE(RIGHT(C9,1))=5),"4 y 5",IF(OR(VALUE(RIGHT(C9,1))=6,VALUE(RIGHT(C9,1))=7),"6 y 7","8 y 9"))))),"") | G9: =IF(E9="","",IF(F9="",IF(TODAY()>E9,"ATRASADO","PENDIENTE"),IF(F9<=E9,"A TIEMPO","ATRASADO"))) | H9: =IFERROR(INDEX('Cronograma Base 2026'!$D$2:$J$25,MATCH($D$2&"|PDT 621 / PLAME",'Cronograma Base 2026'!$A$2:$A$25,0),MATCH($D9,'Cronograma Base 2026'!$D$1:$J$1,0)),"") | J9: =IF(H9="","",IF(I9="",IF(TODAY()>H9,"ATRASADO","PENDIENTE"),IF(I9<=H9,"A TIEMPO","ATRASADO"))) | K9: =IFERROR(INDEX('Cronograma Base 2026'!$D$2:$J$25,MATCH($D$2&"|SIRE (Compras/Ventas)",'Cronograma Base 2026'!$A$2:$A$25,0),MATCH($D9,'Cronograma Base 2026'!$D$1:$J$1,0)),"") | M9: =IF(K9="","",IF(L9="",IF(TODAY()>K9,"ATRASADO","PENDIENTE"),IF(L9<=K9,"A TIEMPO","ATRASADO"))) | N9: =H9 | P9: =IF(N9="","",IF(O9="",IF(TODAY()>N9,"ATRASADO","PENDIENTE"),IF(O9<=N9,"A TIEMPO","ATRASADO")))
A10: 6 | D10: =IFERROR(IF(VALUE(RIGHT(C10,1))=0,"0",IF(VALUE(RIGHT(C10,1))=1,"1",IF(OR(VALUE(RIGHT(C10,1))=2,VALUE(RIGHT(C10,1))=3),"2 y 3",IF(OR(VALUE(RIGHT(C10,1))=4,VALUE(RIGHT(C10,1))=5),"4 y 5",IF(OR(VALUE(RIGHT(C10,1))=6,VALUE(RIGHT(C10,1))=7),"6 y 7","8 y 9"))))),"") | G10: =IF(E10="","",IF(F10="",IF(TODAY()>E10,"ATRASADO","PENDIENTE"),IF(F10<=E10,"A TIEMPO","ATRASADO"))) | H10: =IFERROR(INDEX('Cronograma Base 2026'!$D$2:$J$25,MATCH($D$2&"|PDT 621 / PLAME",'Cronograma Base 2026'!$A$2:$A$25,0),MATCH($D10,'Cronograma Base 2026'!$D$1:$J$1,0)),"") | J10: =IF(H10="","",IF(I10="",IF(TODAY()>H10,"ATRASADO","PENDIENTE"),IF(I10<=H10,"A TIEMPO","ATRASADO"))) | K10: =IFERROR(INDEX('Cronograma Base 2026'!$D$2:$J$25,MATCH($D$2&"|SIRE (Compras/Ventas)",'Cronograma Base 2026'!$A$2:$A$25,0),MATCH($D10,'Cronograma Base 2026'!$D$1:$J$1,0)),"") | M10: =IF(K10="","",IF(L10="",IF(TODAY()>K10,"ATRASADO","PENDIENTE"),IF(L10<=K10,"A TIEMPO","ATRASADO"))) | N10: =H10 | P10: =IF(N10="","",IF(O10="",IF(TODAY()>N10,"ATRASADO","PENDIENTE"),IF(O10<=N10,"A TIEMPO","ATRASADO")))
A11: 7 | D11: =IFERROR(IF(VALUE(RIGHT(C11,1))=0,"0",IF(VALUE(RIGHT(C11,1))=1,"1",IF(OR(VALUE(RIGHT(C11,1))=2,VALUE(RIGHT(C11,1))=3),"2 y 3",IF(OR(VALUE(RIGHT(C11,1))=4,VALUE(RIGHT(C11,1))=5),"4 y 5",IF(OR(VALUE(RIGHT(C11,1))=6,VALUE(RIGHT(C11,1))=7),"6 y 7","8 y 9"))))),"") | G11: =IF(E11="","",IF(F11="",IF(TODAY()>E11,"ATRASADO","PENDIENTE"),IF(F11<=E11,"A TIEMPO","ATRASADO"))) | H11: =IFERROR(INDEX('Cronograma Base 2026'!$D$2:$J$25,MATCH($D$2&"|PDT 621 / PLAME",'Cronograma Base 2026'!$A$2:$A$25,0),MATCH($D11,'Cronograma Base 2026'!$D$1:$J$1,0)),"") | J11: =IF(H11="","",IF(I11="",IF(TODAY()>H11,"ATRASADO","PENDIENTE"),IF(I11<=H11,"A TIEMPO","ATRASADO"))) | K11: =IFERROR(INDEX('Cronograma Base 2026'!$D$2:$J$25,MATCH($D$2&"|SIRE (Compras/Ventas)",'Cronograma Base 2026'!$A$2:$A$25,0),MATCH($D11,'Cronograma Base 2026'!$D$1:$J$1,0)),"") | M11: =IF(K11="","",IF(L11="",IF(TODAY()>K11,"ATRASADO","PENDIENTE"),IF(L11<=K11,"A TIEMPO","ATRASADO"))) | N11: =H11 | P11: =IF(N11="","",IF(O11="",IF(TODAY()>N11,"ATRASADO","PENDIENTE"),IF(O11<=N11,"A TIEMPO","ATRASADO")))
A12: 8 | D12: =IFERROR(IF(VALUE(RIGHT(C12,1))=0,"0",IF(VALUE(RIGHT(C12,1))=1,"1",IF(OR(VALUE(RIGHT(C12,1))=2,VALUE(RIGHT(C12,1))=3),"2 y 3",IF(OR(VALUE(RIGHT(C12,1))=4,VALUE(RIGHT(C12,1))=5),"4 y 5",IF(OR(VALUE(RIGHT(C12,1))=6,VALUE(RIGHT(C12,1))=7),"6 y 7","8 y 9"))))),"") | G12: =IF(E12="","",IF(F12="",IF(TODAY()>E12,"ATRASADO","PENDIENTE"),IF(F12<=E12,"A TIEMPO","ATRASADO"))) | H12: =IFERROR(INDEX('Cronograma Base 2026'!$D$2:$J$25,MATCH($D$2&"|PDT 621 / PLAME",'Cronograma Base 2026'!$A$2:$A$25,0),MATCH($D12,'Cronograma Base 2026'!$D$1:$J$1,0)),"") | J12: =IF(H12="","",IF(I12="",IF(TODAY()>H12,"ATRASADO","PENDIENTE"),IF(I12<=H12,"A TIEMPO","ATRASADO"))) | K12: =IFERROR(INDEX('Cronograma Base 2026'!$D$2:$J$25,MATCH($D$2&"|SIRE (Compras/Ventas)",'Cronograma Base 2026'!$A$2:$A$25,0),MATCH($D12,'Cronograma Base 2026'!$D$1:$J$1,0)),"") | M12: =IF(K12="","",IF(L12="",IF(TODAY()>K12,"ATRASADO","PENDIENTE"),IF(L12<=K12,"A TIEMPO","ATRASADO"))) | N12: =H12 | P12: =IF(N12="","",IF(O12="",IF(TODAY()>N12,"ATRASADO","PENDIENTE"),IF(O12<=N12,"A TIEMPO","ATRASADO")))
A13: 9 | D13: =IFERROR(IF(VALUE(RIGHT(C13,1))=0,"0",IF(VALUE(RIGHT(C13,1))=1,"1",IF(OR(VALUE(RIGHT(C13,1))=2,VALUE(RIGHT(C13,1))=3),"2 y 3",IF(OR(VALUE(RIGHT(C13,1))=4,VALUE(RIGHT(C13,1))=5),"4 y 5",IF(OR(VALUE(RIGHT(C13,1))=6,VALUE(RIGHT(C13,1))=7),"6 y 7","8 y 9"))))),"") | G13: =IF(E13="","",IF(F13="",IF(TODAY()>E13,"ATRASADO","PENDIENTE"),IF(F13<=E13,"A TIEMPO","ATRASADO"))) | H13: =IFERROR(INDEX('Cronograma Base 2026'!$D$2:$J$25,MATCH($D$2&"|PDT 621 / PLAME",'Cronograma Base 2026'!$A$2:$A$25,0),MATCH($D13,'Cronograma Base 2026'!$D$1:$J$1,0)),"") | J13: =IF(H13="","",IF(I13="",IF(TODAY()>H13,"ATRASADO","PENDIENTE"),IF(I13<=H13,"A TIEMPO","ATRASADO"))) | K13: =IFERROR(INDEX('Cronograma Base 2026'!$D$2:$J$25,MATCH($D$2&"|SIRE (Compras/Ventas)",'Cronograma Base 2026'!$A$2:$A$25,0),MATCH($D13,'Cronograma Base 2026'!$D$1:$J$1,0)),"") | M13: =IF(K13="","",IF(L13="",IF(TODAY()>K13,"ATRASADO","PENDIENTE"),IF(L13<=K13,"A TIEMPO","ATRASADO"))) | N13: =H13 | P13: =IF(N13="","",IF(O13="",IF(TODAY()>N13,"ATRASADO","PENDIENTE"),IF(O13<=N13,"A TIEMPO","ATRASADO")))
A14: 10 | D14: =IFERROR(IF(VALUE(RIGHT(C14,1))=0,"0",IF(VALUE(RIGHT(C14,1))=1,"1",IF(OR(VALUE(RIGHT(C14,1))=2,VALUE(RIGHT(C14,1))=3),"2 y 3",IF(OR(VALUE(RIGHT(C14,1))=4,VALUE(RIGHT(C14,1))=5),"4 y 5",IF(OR(VALUE(RIGHT(C14,1))=6,VALUE(RIGHT(C14,1))=7),"6 y 7","8 y 9"))))),"") | G14: =IF(E14="","",IF(F14="",IF(TODAY()>E14,"ATRASADO","PENDIENTE"),IF(F14<=E14,"A TIEMPO","ATRASADO"))) | H14: =IFERROR(INDEX('Cronograma Base 2026'!$D$2:$J$25,MATCH($D$2&"|PDT 621 / PLAME",'Cronograma Base 2026'!$A$2:$A$25,0),MATCH($D14,'Cronograma Base 2026'!$D$1:$J$1,0)),"") | J14: =IF(H14="","",IF(I14="",IF(TODAY()>H14,"ATRASADO","PENDIENTE"),IF(I14<=H14,"A TIEMPO","ATRASADO"))) | K14: =IFERROR(INDEX('Cronograma Base 2026'!$D$2:$J$25,MATCH($D$2&"|SIRE (Compras/Ventas)",'Cronograma Base 2026'!$A$2:$A$25,0),MATCH($D14,'Cronograma Base 2026'!$D$1:$J$1,0)),"") | M14: =IF(K14="","",IF(L14="",IF(TODAY()>K14,"ATRASADO","PENDIENTE"),IF(L14<=K14,"A TIEMPO","ATRASADO"))) | N14: =H14 | P14: =IF(N14="","",IF(O14="",IF(TODAY()>N14,"ATRASADO","PENDIENTE"),IF(O14<=N14,"A TIEMPO","ATRASADO")))
A15: 11 | D15: =IFERROR(IF(VALUE(RIGHT(C15,1))=0,"0",IF(VALUE(RIGHT(C15,1))=1,"1",IF(OR(VALUE(RIGHT(C15,1))=2,VALUE(RIGHT(C15,1))=3),"2 y 3",IF(OR(VALUE(RIGHT(C15,1))=4,VALUE(RIGHT(C15,1))=5),"4 y 5",IF(OR(VALUE(RIGHT(C15,1))=6,VALUE(RIGHT(C15,1))=7),"6 y 7","8 y 9"))))),"") | G15: =IF(E15="","",IF(F15="",IF(TODAY()>E15,"ATRASADO","PENDIENTE"),IF(F15<=E15,"A TIEMPO","ATRASADO"))) | H15: =IFERROR(INDEX('Cronograma Base 2026'!$D$2:$J$25,MATCH($D$2&"|PDT 621 / PLAME",'Cronograma Base 2026'!$A$2:$A$25,0),MATCH($D15,'Cronograma Base 2026'!$D$1:$J$1,0)),"") | J15: =IF(H15="","",IF(I15="",IF(TODAY()>H15,"ATRASADO","PENDIENTE"),IF(I15<=H15,"A TIEMPO","ATRASADO"))) | K15: =IFERROR(INDEX('Cronograma Base 2026'!$D$2:$J$25,MATCH($D$2&"|SIRE (Compras/Ventas)",'Cronograma Base 2026'!$A$2:$A$25,0),MATCH($D15,'Cronograma Base 2026'!$D$1:$J$1,0)),"") | M15: =IF(K15="","",IF(L15="",IF(TODAY()>K15,"ATRASADO","PENDIENTE"),IF(L15<=K15,"A TIEMPO","ATRASADO"))) | N15: =H15 | P15: =IF(N15="","",IF(O15="",IF(TODAY()>N15,"ATRASADO","PENDIENTE"),IF(O15<=N15,"A TIEMPO","ATRASADO")))
A16: 12 | D16: =IFERROR(IF(VALUE(RIGHT(C16,1))=0,"0",IF(VALUE(RIGHT(C16,1))=1,"1",IF(OR(VALUE(RIGHT(C16,1))=2,VALUE(RIGHT(C16,1))=3),"2 y 3",IF(OR(VALUE(RIGHT(C16,1))=4,VALUE(RIGHT(C16,1))=5),"4 y 5",IF(OR(VALUE(RIGHT(C16,1))=6,VALUE(RIGHT(C16,1))=7),"6 y 7","8 y 9"))))),"") | G16: =IF(E16="","",IF(F16="",IF(TODAY()>E16,"ATRASADO","PENDIENTE"),IF(F16<=E16,"A TIEMPO","ATRASADO"))) | H16: =IFERROR(INDEX('Cronograma Base 2026'!$D$2:$J$25,MATCH($D$2&"|PDT 621 / PLAME",'Cronograma Base 2026'!$A$2:$A$25,0),MATCH($D16,'Cronograma Base 2026'!$D$1:$J$1,0)),"") | J16: =IF(H16="","",IF(I16="",IF(TODAY()>H16,"ATRASADO","PENDIENTE"),IF(I16<=H16,"A TIEMPO","ATRASADO"))) | K16: =IFERROR(INDEX('Cronograma Base 2026'!$D$2:$J$25,MATCH($D$2&"|SIRE (Compras/Ventas)",'Cronograma Base 2026'!$A$2:$A$25,0),MATCH($D16,'Cronograma Base 2026'!$D$1:$J$1,0)),"") | M16: =IF(K16="","",IF(L16="",IF(TODAY()>K16,"ATRASADO","PENDIENTE"),IF(L16<=K16,"A TIEMPO","ATRASADO"))) | N16: =H16 | P16: =IF(N16="","",IF(O16="",IF(TODAY()>N16,"ATRASADO","PENDIENTE"),IF(O16<=N16,"A TIEMPO","ATRASADO")))
... A87: 83 | D87: =IFERROR(IF(VALUE(RIGHT(C87,1))=0,"0",IF(VALUE(RIGHT(C87,1))=1,"1",IF(OR(VALUE(RIGHT(C87,1))=2,VALUE(RIGHT(C87,1))=3),"2 y 3",IF(OR(VALUE(RIGHT(C87,1))=4,VALUE(RIGHT(C87,1))=5),"4 y 5",IF(OR(VALUE(RIGHT(C87,1))=6,VALUE(RIGHT(C87,1))=7),"6 y 7","8 y 9"))))),"") | G87: =IF(E87="","",IF(F87="",IF(TODAY()>E87,"ATRASADO","PENDIENTE"),IF(F87<=E87,"A TIEMPO","ATRASADO"))) | H87: =IFERROR(INDEX('Cronograma Base 2026'!$D$2:$J$25,MATCH($D$2&"|PDT 621 / PLAME",'Cronograma Base 2026'!$A$2:$A$25,0),MATCH($D87,'Cronograma Base 2026'!$D$1:$J$1,0)),"") | J87: =IF(H87="","",IF(I87="",IF(TODAY()>H87,"ATRASADO","PENDIENTE"),IF(I87<=H87,"A TIEMPO","ATRASADO"))) | K87: =IFERROR(INDEX('Cronograma Base 2026'!$D$2:$J$25,MATCH($D$2&"|SIRE (Compras/Ventas)",'Cronograma Base 2026'!$A$2:$A$25,0),MATCH($D87,'Cronograma Base 2026'!$D$1:$J$1,0)),"") | M87: =IF(K87="","",IF(L87="",IF(TODAY()>K87,"ATRASADO","PENDIENTE"),IF(L87<=K87,"A TIEMPO","ATRASADO"))) | N87: =H87 | P87: =IF(N87="","",IF(O87="",IF(TODAY()>N87,"ATRASADO","PENDIENTE"),IF(O87<=N87,"A TIEMPO","ATRASADO")))

Sheet Resumen del Mes
A1: RESUMEN DEL MES SELECCIONADO EN 'Control Clientes'
A3: Obligación | B3: A Tiempo | C3: Atrasados | D3: Pendientes
A4: AFP | B4: =COUNTIF('Control Clientes'!G5:G87,"A TIEMPO") -> 0 | C4: =COUNTIF('Control Clientes'!G5:G87,"ATRASADO") -> 0 | D4: =COUNTIF('Control Clientes'!G5:G87,"PENDIENTE") -> 0
A5: PLAME | B5: =COUNTIF('Control Clientes'!J5:J87,"A TIEMPO") -> 0 | C5: =COUNTIF('Control Clientes'!J5:J87,"ATRASADO") -> 0 | D5: =COUNTIF('Control Clientes'!J5:J87,"PENDIENTE") -> 0
A6: SIRE | B6: =COUNTIF('Control Clientes'!M5:M87,"A TIEMPO") -> 0 | C6: =COUNTIF('Control Clientes'!M5:M87,"ATRASADO") -> 0 | D6: =COUNTIF('Control Clientes'!M5:M87,"PENDIENTE") -> 0
A7: DJ 621 | B7: =COUNTIF('Control Clientes'!P5:P87,"A TIEMPO") -> 0 | C7: =COUNTIF('Control Clientes'!P5:P87,"ATRASADO") -> 0 | D7: =COUNTIF('Control Clientes'!P5:P87,"PENDIENTE") -> 0
